{
    "autores": [
        {
            "autor_id": "1",
            "nombre": "Gabriel",
            "apellido1": "García",
            "apellido2": "Márquez",
            "pseudonimo": "Gabriel García Márquez",
            "nacido": "06-03-1927",
            "fallecido": "17-04-2014",
            "nacionalidad": "Colombia"
        },
        {
            "autor_id": "2",
            "nombre": "Jhon Ronald",
            "apellido1": "Reuel",
            "apellido2": "Tolkien",
            "pseudonimo": "J.R.R. Tolkien",
            "nacido": "03-01-1892",
            "fallecido": "02-09-1973",
            "nacionalidad": "Reino Unido"
        },
        {
            "autor_id": "3",
            "nombre": "Eric",
            "apellido1": "Arthur",
            "apellido2": "Blair",
            "pseudonimo": "George Orwell",
            "nacido": "25-06-1903",
            "fallecido": "21-01-1950",
            "nacionalidad": "Reino Unido"
        },
        {
            "autor_id": "4",
            "nombre": "Stephen",
            "apellido1": "Edwing",
            "apellido2": "King",
            "pseudonimo": "Stephen King",
            "nacido": "21-09-1947",
            "fallecido": "No fallecido",
            "nacionalidad": "EE.UU"
        },
        {
            "autor_id": "5",
            "nombre": "Nelle",
            "apellido1": "Harper",
            "apellido2": "Lee",
            "pseudonimo": "Harper Lee",
            "nacido": "28-04-1926",
            "fallecido": "19-02-2016",
            "nacionalidad": "EE.UU"
        },
        {
            "nombre": "Edgar",
            "apellido1": "Allan",
            "apellido2": "Poe",
            "pseudonimo": "Edgar Allan Poe",
            "nacido": "01-10-1809",
            "fallecido": "10-10-1849",
            "nacionalidad": "EE.UU",
            "autor_id": "6"
        }
    ],
    "generos": [
        {
            "genero_id": "1",
            "nombre_genero": "Narrativo"
        },
        {
            "nombre_genero": "Dramático",
            "genero_id": "2"
        },
        {
            "nombre_genero": "Lírico",
            "genero_id": "3"
        },
        {
            "nombre_genero": "Didáctico",
            "genero_id": "4"
        }
    ],
    "especificos": [
        {
            "especifico_id": 1,
            "genero_id": 1,
            "nombre_especifico": "Novela",
            "tipo": "Terror"
        },
        {
            "especifico_id": 2,
            "genero_id": 1,
            "nombre_especifico": "Novela",
            "tipo": "Suspense"
        },
        {
            "especifico_id": 3,
            "genero_id": 1,
            "nombre_especifico": "Novela",
            "tipo": "Distópica"
        },
        {
            "especifico_id": 4,
            "genero_id": 1,
            "nombre_especifico": "Novela",
            "tipo": "Realismo Mágico"
        },
        {
            "especifico_id": 5,
            "genero_id": 1,
            "nombre_especifico": "Novela",
            "tipo": "Fantasía"
        }
    ],
    "libros": [
        {
            "libro_id": 1,
            "titulo": "Cien años de soledad",
            "especifico_id": 4,
            "fecha_publicacion": "05-06-1967",
            "num_paginas": 417,
            "autor_id": 1
        },
        {
            "libro_id": 2,
            "titulo": "El hobbit",
            "especifico_id": 5,
            "fecha_publicacion": "21-09-1937",
            "num_paginas": 310,
            "autor_id": 2
        },
        {
            "libro_id": 3,
            "titulo": "1984",
            "especifico_id": 3,
            "fecha_publicacion": "08-06-1949",
            "num_paginas": 328,
            "autor_id": 3
        },
        {
            "libro_id": 4,
            "titulo": "Matar a un ruiseñor",
            "especifico_id": 2,
            "fecha_publicacion": "11-07-1960",
            "num_paginas": 281,
            "autor_id": 5
        },
        {
            "libro_id": 5,
            "titulo": "El Resplandor",
            "especifico_id": 1,
            "fecha_publicacion": "28-01-1977",
            "num_paginas": 688,
            "autor_id": 4
        }
    ]
}